--Inserccion de datos

-- ==== Tipo_Habitacion ====
insert into tipo_habitacion (nombre, descripcion, precio) values ('Simple','Habitación individual',50);
insert into tipo_habitacion (nombre, descripcion, precio) values ('Doble','Habitación para dos personas',80);
insert into tipo_habitacion (nombre, descripcion, precio) values ('Suite','Habitación premium',150);
insert into tipo_habitacion (nombre, descripcion, precio) values ('Presidencial', 'Habitacion de Lujo', 200);
select * from tipo_habitacion ;

-- ==== Huesped ====
insert into huesped ( nombre, email, telefono, pais) values ('Monica Ramirez', 'MRamirez@gmail.com', '+504 9999 8888', 'Honduras');
insert into huesped ( nombre, email, telefono, pais) values ('Oscar Monterrosa', 'Monterrosa9@gmil.com', '+506 8888 7777', 'Costa Rica');
insert into huesped ( nombre, email, telefono, pais) values ('Alejandro Garcia', 'Alegarcia@gmail.com', '+34 612 889 135', 'España');
insert into huesped ( nombre, email, telefono, pais) values ('Carmen Martinez', 'Martinez12@gmail.com', '+34 782 773 675', 'España');
insert into huesped ( nombre, email, telefono, pais) values ('Pierre Dubois', 'pierreD00@gmail.com', '+3 766 020 430', 'Francia');
insert into huesped ( nombre, email, telefono, pais) values ('Maria Perez', 'Perez998@gmail.com', '+503 7789 5432', 'El Salvador');
insert into huesped ( nombre, email, telefono, pais) values ('Andrea Zapata', 'AndyZ@gmail.com', '+503 7646 9212', 'El Salvador');
insert into huesped ( nombre, email, telefono, pais) values ('Juan Domiguez', 'juan.D@gmail.com', '+503 7356 8808', 'El Salvador');
insert into huesped ( nombre, email, telefono, pais) values ('Ana Rodriguez', 'anaRo3@gmail.com', '+504 9003 7852', 'Honduras');
insert into huesped ( nombre, email, telefono, pais) values ('Carlos Ruiz', 'carlosruiz@gmail.com', '+502 5358 0022', 'Guatemala');
insert into huesped ( nombre, email, telefono, pais) values ('Lucia Monterosa', 'lUcimr2@gmail.com', '+506 8998 4116', 'Costa Rica');
insert into huesped ( nombre, email, telefono, pais) values ('José Martinez', 'jos008@gmail.com', '+34 695 761 678', 'España');
insert into huesped ( nombre, email, telefono, pais) values ('Sophie Martin', 'Soph9mar8@gmail.com', '+33 652 978 254', 'Francia');
insert into huesped ( nombre, email, telefono, pais) values ('James Wilson', 'james.W@gmail.com', '+44 70  5865 2987', 'Reino Unido');
insert into huesped ( nombre, email, telefono, pais) values ('Wei Zhang', 'wei0zhang@example.com','+86 138 1234 5678', 'China');
insert into huesped ( nombre, email, telefono, pais) values ('Aiko Tanaka', 'Tanka@example.com','+81 90 3586 0590', 'Japon');
insert into huesped ( nombre, email, telefono, pais) values ('Minji Park', 'MinMin@example.com','+82 10 1234 5678', 'Corea del Sur');
insert into huesped ( nombre, email, telefono, pais) values ('Dohyung Min', 'DohMin@example.com','+82 18 6545 0545', 'Corea del Sur');
insert into huesped ( nombre, email, telefono, pais) values ('Arjun Patel', 'arjpa@gmail.com', '+91 98765 43210', 'India');
insert into huesped ( nombre, email, telefono, pais) values ('Priya Sharma', 'priya.sharma@gmail.com', '+91 91234 56789', 'India');
insert into huesped ( nombre, email, telefono, pais) values ('Kenji Sato', 'kenjisato@gmail.com', '+81 80 2345 6789', 'Japon');
insert into huesped ( nombre, email, telefono, pais) values ('Yuki Nakamura', 'Y1nakamura@gmail.com', '+81 70 3456 7890', 'Japon');
insert into huesped ( nombre, email, telefono, pais) values ('Li Wei', 'liwei@gmail.com', '+86 139 2345 6789', 'China');
insert into huesped ( nombre, email, telefono, pais) values ('Wang Jun', 'wangjun@gmail.com', '+86 137 6543 2109', 'China');
insert into huesped ( nombre, email, telefono, pais) values ('Park Jisoo', 'jisoo001@gmail.com', '+82 10 2222 3333', 'Corea del Sur');
insert into huesped ( nombre, email, telefono, pais) values ('Kim Hyun', 'kim*hyun@gmail.com', '+82 10 4444 5555', 'Corea del Sur');
insert into huesped ( nombre, email, telefono, pais) values ('Nguyen Minh', 'nguyen.minh@gmail.com', '+84 912 345 678', 'Vietnam');
insert into huesped ( nombre, email, telefono, pais) values ('Tran Anh', 'tranAnh@gmail.com', '+84 987 654 321', 'Vietnam');
insert into huesped ( nombre, email, telefono, pais) values ('Luca Rossi', 'lucaRoss@gmail.com', '+39 340 123 4567', 'Italia');
insert into huesped ( nombre, email, telefono, pais) values ('Marco Bianchi', 'marbianchi@gmail.com', '+39 347 234 5678', 'Italia');
insert into huesped ( nombre, email, telefono, pais) values ('Giulia Romano', 'giuliaR@gmail.com', '+39 348 345 6789', 'Italia');
insert into huesped ( nombre, email, telefono, pais) values ('Hans Muller', 'hansmuller@gmail.com', '+49 151 234 5678', 'Alemania');
insert into huesped ( nombre, email, telefono, pais) values ('Anna Schmidt', 'anna.schmidt@gmail.com', '+49 152 345 6789', 'Alemania');
insert into huesped ( nombre, email, telefono, pais) values ('Thomas Weber', 'thomas@gmail.com', '+49 153 456 7890', 'Alemania');
insert into huesped ( nombre, email, telefono, pais) values ('Marie Laurent', 'laurent9@gmail.com', '+33 612 345 678', 'Francia');
insert into huesped ( nombre, email, telefono, pais) values ('Jean Dupont', 'jean_dupont@gmail.com', '+33 623 456 789', 'Francia');
insert into huesped ( nombre, email, telefono, pais) values ('Pedro Sanchez', 'pedro.sanchez@gmail.com', '+34 611 111 111', 'España');
insert into huesped ( nombre, email, telefono, pais) values ('Laura Gomez', 'laura.gomez@gmail.com', '+34 622 222 222', 'España');
insert into huesped ( nombre, email, telefono, pais) values ('David Brown', 'davBrown@gmail.com', '+44 7700 111111', 'Reino Unido');
insert into huesped ( nombre, email, telefono, pais) values ('Emma Taylor', 'emma.taylor@gmail.com', '+44 7700 222222', 'Reino Unido');
insert into huesped ( nombre, email, telefono, pais) values ('Oliver Jones', 'oliverJones*@gmail.com', '+44 7700 333333', 'Reino Unido');
insert into huesped ( nombre, email, telefono, pais) values ('John Smith', 'john.smith@gmail.com', '+1 202 555 0101', 'Estados Unidos');
insert into huesped ( nombre, email, telefono, pais) values ('Gabriel Costa', 'gabrielCC@gmail.com', '+55 11 99999 2222', 'Brasil');
insert into huesped ( nombre, email, telefono, pais) values ('Camila Torres', 'camiTorres@gmail.com', '+57 300 222 2222', 'Colombia');
insert into huesped ( nombre, email, telefono, pais) values ('Nicolas Fernandez', 'nicoNico@gmail.com', '+54 9 11 2345 6789', 'Argentina');
insert into huesped ( nombre, email, telefono, pais) values ('Diego Morales', 'diegoMorales@gmail.com', '+56 9 1111 2222', 'Chile');
insert into huesped ( nombre, email, telefono, pais) values ('Mariana Souza', 'souzaMariana@gmail.com', '+55 11 24999 7615', 'Brasil');
insert into huesped ( nombre, email, telefono, pais) values ('Carlos Mendoza', 'mendoza@gmail.com', '+52 55 1901 2298', 'Mexico');
insert into huesped ( nombre, email, telefono, pais) values ('Melissa Herrera', 'melissah@gmail.com', '+503 7000 1002', 'El Salvador');
insert into huesped ( nombre, email, telefono, pais) values ('Ricardo Flores', 'ricardoFlores@gmail.com', '+503 7806 1003', 'El Salvador');
insert into huesped ( nombre, email, telefono, pais) values ('Patricia Diaz', 'patriciaDi@gmail.com', '+504 9520 1901', 'Honduras');
insert into huesped ( nombre, email, telefono, pais) values ('Jorge Pineda', 'jorgePineda@gmail.com', '+504 9975 1002', 'Honduras');
insert into huesped ( nombre, email, telefono, pais) values ('Sandra Cruz', 'Cruz.S@gmail.com', '+502 5066 1031', 'Guatemala');
insert into huesped ( nombre, email, telefono, pais) values ('Luis Arce', 'luisarce@gmail.com', '+502 5875 1882', 'Guatemala');
insert into huesped ( nombre, email, telefono, pais) values ('Miguel Salazar', 'miguel000@gmail.com', '+506 8765 1001', 'Costa Rica');
insert into huesped ( nombre, email, telefono, pais) values ('Daniela Mora', 'dani.mora@gmail.com', '+506 8650 1252', 'Costa Rica');
insert into huesped ( nombre, email, telefono, pais) values ('Roberto Vega', 'robertoV3@gmail.com', '+507 6632 1035', 'Panama');
insert into huesped ( nombre, email, telefono, pais) values ('Karen Castillo', 'CastilloKaren@gmail.com', '+507 6998 1002', 'Panama');
insert into huesped ( nombre, email, telefono, pais) values ('Oliver Brown', 'olivBrown@gmail.com', '+61 412 345 678', 'Australia');
insert into huesped ( nombre, email, telefono, pais) values ('Charlotte Taylor', 'charlott@gmail.com', '+61 422 345 678', 'Australia');
insert into huesped ( nombre, email, telefono, pais) values ('Noah Walker', 'noahwalker@gmail.com', '+61 433 345 678', 'Australia');
insert into huesped ( nombre, email, telefono, pais) values ('Mia Wilson', 'Mwilson@gmail.com', '+61 444 345 678', 'Australia');
insert into huesped ( nombre, email, telefono, pais) values ('Petra Svobodova', 'petraS@gmail.com', '+420 602 268 282', 'Republica Checa');
insert into huesped ( nombre, email, telefono, pais) values ('Erik Larsen', 'eriklarsen@gmail.com', '+45 20 16 82 00', 'Dinamarca');
insert into huesped ( nombre, email, telefono, pais) values ('Mette Jensen', 'mette.j@gmail.com', '+45 21 24 89 40', 'Dinamarca');
insert into huesped ( nombre, email, telefono, pais) values ('Sven Andersson', 'sven85@gmail.com', '+46 70 741 46 33', 'Suecia');
insert into huesped ( nombre, email, telefono, pais) values ('Anna Karlsson', 'anna.k@gmail.com', '+46 70 865 00 48', 'Suecia');
insert into huesped ( nombre, email, telefono, pais) values ('Ivan Petrov', 'ivan1petrov@gmail.com', '+7 911 874 024', 'Rusia');
insert into huesped ( nombre, email, telefono, pais) values ('Olga Ivanova', 'olga.ivanova@gmail.com', '+7 922 873 0248', 'Rusia');
insert into huesped ( nombre, email, telefono, pais) values ('Marek Kowalski', 'marek.k@gmail.com', '+48 501 026 008', 'Polonia');
insert into huesped ( nombre, email, telefono, pais) values ('Anna Nowak', 'anna.nowak@gmail.com', '+48 502 673 222', 'Polonia');
insert into huesped ( nombre, email, telefono, pais) values ('Jan Novak', 'jan.novak@gmail.com', '+420 648 957 976', 'Republica Checa');
insert into huesped ( nombre, email, telefono, pais) values ('Jack Anderson', 'jack.anderson@gmail.com', '+61 455 345 678', 'Australia');
insert into huesped ( nombre, email, telefono, pais) values ('Liam Harris', 'liamliam@gmail.com', '+64 21 781 1358', 'Nueva Zelanda');
insert into huesped ( nombre, email, telefono, pais) values ('Ella Scott', 'Scott*@gmail.com', '+64 21 247 5402', 'Nueva Zelanda');
insert into huesped ( nombre, email, telefono, pais) values ('Ethan Cooper', 'ethan*cooper@gmail.com', '+64 21 789 8736', 'Nueva Zelanda');
insert into huesped ( nombre, email, telefono, pais) values ('Grace Young', 'grace.young@gmail.com', '+64 28 564 3568', 'Nueva Zelanda');
insert into huesped ( nombre, email, telefono, pais) values ('Henry King', 'henry.king@gmail.com', '+64 22 691 0058', 'Nueva Zelanda');
insert into huesped ( nombre, email, telefono, pais) values ('Michael Johnson', 'michael.j@gmail.com', '+1 202 555 0102', 'Estados Unidos');
insert into huesped ( nombre, email, telefono, pais) values ('Emily Davis', 'emilydav@gmail.com', '+1 202 505 0103', 'Estados Unidos');
insert into huesped ( nombre, email, telefono, pais) values ('William Moore', 'willmoor@gmail.com', '+1 202 695 0104', 'Estados Unidos');
insert into huesped ( nombre, email, telefono, pais) values ('Sophia Clark', 'sophiClark@gmail.com', '+1 202 773 0105', 'Estados Unidos');
insert into huesped ( nombre, email, telefono, pais) values ('Lucas Silva', 'lucas.silva@gmail.com', '+55 11 99650 6736', 'Brasil');
insert into huesped ( nombre, email, telefono, pais) values ('Fernanda Ruiz', 'fer01ruiz@gmail.com', '+52 55 3333 4444', 'Mexico');
insert into huesped ( nombre, email, telefono, pais) values ('Andres Lopez', 'andres.lopez@gmail.com', '+57 300 000 1831', 'Colombia');
insert into huesped ( nombre, email, telefono, pais) values ('Mateo Ramirez', 'mateo.ramirez@gmail.com', '+57 300 988 1463', 'Colombia');
insert into huesped ( nombre, email, telefono, pais) values ('Valentina Perez', 'valentina.perez@gmail.com', '+54 9 14 7064 1038', 'Argentina');
insert into huesped ( nombre, email, telefono, pais) values ('Antonia Rojas', 'antoOrojas@gmail.com', '+56 9 4328 5547', 'Chile');
insert into huesped ( nombre, email, telefono, pais) values ('Luis Castro', 'luiscast99@gmail.com', '+51 983 505 001', 'Peru');
insert into huesped ( nombre, email, telefono, pais) values ('Rosa Flores', 'Rflores@gmail.com', '+51 904 546 222', 'Peru');
insert into huesped ( nombre, email, telefono, pais) values ('Kevin Aguilar', 'AguilarKev@gmail.com', '+503 7548 587', 'El Salvador');
insert into huesped ( nombre, email, telefono, pais) values ('Joao Pereira', 'joaojao@gmail.com', '+351 911 879 013', 'Portugal');
insert into huesped ( nombre, email, telefono, pais) values ('Ines Costa', 'ines.costa@gmail.com', '+351 922 873 554', 'Portugal');
insert into huesped ( nombre, email, telefono, pais) values ('Ahmed Khan', 'ahmed.khan@gmail.com', '+971 50 878 0151', 'Emiratos Arabes Unidos');
insert into huesped ( nombre, email, telefono, pais) values ('Sara Noor', 'sara.noor@gmail.com', '+971 50 678 1155', 'Emiratos Arabes Unidos');
insert into huesped ( nombre, email, telefono, pais) values ('Ali Reza', 'ali.reza@gmail.com', '+98 912 355 7982', 'Iran');
insert into huesped ( nombre, email, telefono, pais) values ('Leila Hosseini', 'leilahh@gmail.com', '+98 912 202 7899', 'Iran');
insert into huesped ( nombre, email, telefono, pais) values ('Mohammed Hassan', 'mohammed.h@gmail.com', '+966 50 988 4655', 'Arabia Saudita'); 


-- ==== EMPLEADO ====

insert into Empleado (carnet, nombre, telefono, email) values ('E001','Diana Hernandez', '+503 7757 9856', 'DHernandez@hotel.com');
insert into Empleado (carnet, nombre, telefono, email) values ('E002', 'Rodrigo Martinez', '+503 7846 5290', 'RMartinez@hotel.com');
insert into Empleado (carnet, nombre, telefono, email) values ('E003', 'Karla Morales', '+503 7723 0685', 'KMorales@hotel.com');
insert into Empleado (carnet, nombre, telefono, email) values ('E004', 'Carlos Fuentes', '+503 7756 5455', 'CFuentes@hotel.com');
insert into Empleado (carnet, nombre, telefono, email) values ('E005', 'Ricardo Castro', '+503 7622 4411', 'RCastro@hotel.com');
insert into Empleado (carnet, nombre, telefono, email) values ('E006', 'Patricia Ortiz', '+503 7777 6655', 'POrtiz@hotel.com');
insert into Empleado (carnet, nombre, telefono, email) values ('E007', 'Rosa Ross', '+503 7063 2218', 'RRoss@hotel.com');
insert into Empleado (carnet, nombre, telefono, email) values ('E008', 'Carolina Ruiz', '+503 7707 9852', 'CRuiz@hotel.com');
insert into Empleado (carnet, nombre, telefono, email) values ('E009', 'Elena Parada', '+503 7063 2218', 'EParada@hotel.com');
insert into Empleado (carnet, nombre, telefono, email) values ('E010', 'David Garcia', '+503 7023 4415', 'DGarcia@hotel.com');
insert into Empleado (carnet, nombre, telefono, email) values ('E011', 'Luis Maldonado', '+503 7916 2813', 'LMaldonado@hotel.com');
insert into Empleado (carnet, nombre, telefono, email) values ('E012', 'Joel Trujillo', '+503 7149 3214', 'JTrujillo@hotel.com');
insert into Empleado (carnet, nombre, telefono, email) values ('E013', 'Luna Santos', '+503 7444 1218', 'LSantos@hotel.com');
insert into Empleado (carnet, nombre, telefono, email) values ('E014', 'Ramiro Varela', '+503 7516 0097', 'RVarela@hotel.com');
insert into Empleado (carnet, nombre, telefono, email) values ('E015', 'Jose Jimenez', '+503 7323 8477', 'JJimenez@hotel.com');
insert into Empleado (carnet, nombre, telefono, email) values ('E016', 'Roberto Acosta', '+503 7214 6932', 'RAcosta@hotel.com');
insert into Empleado (carnet, nombre, telefono, email) values ('E017', 'José Rivas', '+503 7001 0011', 'JRivas@hotel.com');
insert into Empleado (carnet, nombre, telefono, email) values ('E018', 'Gabriela Reyes', '+503 7001 0014', 'GReyes@hotel.com');
insert into Empleado (carnet, nombre, telefono, email) values ('E019', 'Daniela Silva', '+503 7001 0016', 'DSilva@hotel.com');
insert into Empleado (carnet, nombre, telefono, email) values ('E020', 'Valeria Mendoza', '+503 7001 0018', 'VMendoza@hotel.com');
insert into Empleado (carnet, nombre, telefono, email) values ('E021', 'Hugo Salazar', '+503 7001 0023', 'HSalazar@hotel.com');
insert into Empleado (carnet, nombre, telefono, email) values ('E022', 'Eduardo Fuentes', '+503 7001 0027', 'EFuentes@hotel.com');
insert into Empleado (carnet, nombre, telefono, email) values ('E023', 'Óscar Molina', '+503 7001 0031', 'OMolina@hotel.com');
insert into Empleado (carnet, nombre, telefono, email) values ('E024', 'Beatriz Quintanilla', '+503 7001 0032', 'BQuintanilla@hotel.com');
insert into Empleado (carnet, nombre, telefono, email) values ('E025', 'Kevin Alvarado', '+503 7001 0033', 'KAlvarado@hotel.com');
insert into Empleado (carnet, nombre, telefono, email) values ('E026', 'Andrés Aguilar', '+503 7001 0021', 'AAguilar@hotel.com');
insert into Empleado (carnet, nombre, telefono, email) values ('E027', 'Fernando Díaz', '+503 7001 0015', 'FDiaz@hotel.com');
insert into Empleado (carnet, nombre, telefono, email) values ('E028', 'Verónica Campos', '+503 7001 0024', 'VCampos@hotel.com');
insert into Empleado (carnet, nombre, telefono, email) values ('E029', 'Andrea Sánchez', '+503 7001 0034', 'ASanchez@hotel.com');
insert into Empleado (carnet, nombre, telefono, email) values ('E030', 'Pedro Torres', '+503 7001 0007', 'PTorres@hotel.com');

-- ==== SERVICIO ====

insert into Servicio (nombre, descripcion, precio) values ('Room Service', 'comida llevada a la habitacion', 15.00 );
insert into Servicio (nombre, descripcion, precio) values ('Minibar', 'Bebidas y snacks en la Habitacion', 40.00);
insert into Servicio (nombre, descripcion, precio) values ('Lavanderia', 'Lavado y secado', 8.00);
insert into Servicio (nombre, descripcion, precio) values ('Spa', 'Relajacion de cuerpo', 50.00);


-- ==== Habitacion ====

insert into Habitacion(num_habitacion, estado_actual, piso, id_tipo) values (100,'DISPONIBLE',1,2);
insert into Habitacion(num_habitacion, estado_actual, piso, id_tipo) values (101,'OCUPADA',1,2);
insert into Habitacion(num_habitacion, estado_actual, piso, id_tipo) values (102,'DISPONIBLE',1,2);
insert into Habitacion(num_habitacion, estado_actual, piso, id_tipo) values (103,'OCUPADA',1,2);
insert into Habitacion(num_habitacion, estado_actual, piso, id_tipo) values (104,'DISPONIBLE',1,2);
insert into Habitacion(num_habitacion, estado_actual, piso, id_tipo) values (105,'OCUPADA',1,2);
insert into Habitacion(num_habitacion, estado_actual, piso, id_tipo) values (106,'DISPONIBLE',1,2);
insert into Habitacion(num_habitacion, estado_actual, piso, id_tipo) values (107,'OCUPADA',1,2);
insert into Habitacion(num_habitacion, estado_actual, piso, id_tipo) values (108,'DISPONIBLE',1,2);
insert into Habitacion(num_habitacion, estado_actual, piso, id_tipo) values (109,'OCUPADA',1,2);
insert into Habitacion(num_habitacion, estado_actual, piso, id_tipo) values (110,'DISPONIBLE',1,2);
insert into Habitacion(num_habitacion, estado_actual, piso, id_tipo) values (111,'OCUPADA',1,2);
insert into Habitacion(num_habitacion, estado_actual, piso, id_tipo) values (112,'DISPONIBLE',1,2);
insert into Habitacion(num_habitacion, estado_actual, piso, id_tipo) values (113,'OCUPADA',1,2);
insert into Habitacion(num_habitacion, estado_actual, piso, id_tipo) values (114,'DISPONIBLE',1,2);
insert into Habitacion(num_habitacion, estado_actual, piso, id_tipo) values (115,'OCUPADA',1,2);
insert into Habitacion(num_habitacion, estado_actual, piso, id_tipo) values (116,'DISPONIBLE',1,2);
insert into Habitacion(num_habitacion, estado_actual, piso, id_tipo) values (117,'OCUPADA',1,2);
insert into Habitacion(num_habitacion, estado_actual, piso, id_tipo) values (118,'DISPONIBLE',1,2);
insert into Habitacion(num_habitacion, estado_actual, piso, id_tipo) values (119,'OCUPADA',1,2);
insert into Habitacion(num_habitacion, estado_actual, piso, id_tipo) values (120,'DISPONIBLE',1,1);
insert into Habitacion(num_habitacion, estado_actual, piso, id_tipo) values (121,'OCUPADA',1,1);
insert into Habitacion(num_habitacion, estado_actual, piso, id_tipo) values (122,'DISPONIBLE',1,1);
insert into Habitacion(num_habitacion, estado_actual, piso, id_tipo) values (123,'OCUPADA',1,1);
insert into Habitacion(num_habitacion, estado_actual, piso, id_tipo) values (124,'DISPONIBLE',1,1);
insert into Habitacion(num_habitacion, estado_actual, piso, id_tipo) values (125,'OCUPADA',1,1);
insert into Habitacion(num_habitacion, estado_actual, piso, id_tipo) values (126,'DISPONIBLE',1,1);
insert into Habitacion(num_habitacion, estado_actual, piso, id_tipo) values (127,'OCUPADA',1,1);
insert into Habitacion(num_habitacion, estado_actual, piso, id_tipo) values (128,'DISPONIBLE',1,1);
insert into Habitacion(num_habitacion, estado_actual, piso, id_tipo) values (129,'OCUPADA',1,1);

insert into Habitacion(num_habitacion, estado_actual, piso, id_tipo) values (130,'DISPONIBLE',2,2);
insert into Habitacion(num_habitacion, estado_actual, piso, id_tipo) values (131,'OCUPADA',2,2); 
insert into Habitacion(num_habitacion, estado_actual, piso, id_tipo) values (132,'DISPONIBLE',2,2);
insert into Habitacion(num_habitacion, estado_actual, piso, id_tipo) values (133,'OCUPADA',2,2);
insert into Habitacion(num_habitacion, estado_actual, piso, id_tipo) values (134,'DISPONIBLE',2,2);
insert into Habitacion(num_habitacion, estado_actual, piso, id_tipo) values (135,'OCUPADA',2,2);
insert into Habitacion(num_habitacion, estado_actual, piso, id_tipo) values (136,'DISPONIBLE',2,2);
insert into Habitacion(num_habitacion, estado_actual, piso, id_tipo) values (137,'OCUPADA',2,2);
insert into Habitacion(num_habitacion, estado_actual, piso, id_tipo) values (138,'DISPONIBLE',2,2);
insert into Habitacion(num_habitacion, estado_actual, piso, id_tipo) values (139,'OCUPADA',2,2);
insert into Habitacion(num_habitacion, estado_actual, piso, id_tipo) values (140,'DISPONIBLE',2,2);
insert into Habitacion(num_habitacion, estado_actual, piso, id_tipo) values (141,'OCUPADA',2,2);
insert into Habitacion(num_habitacion, estado_actual, piso, id_tipo) values (142,'DISPONIBLE',2,2);
insert into Habitacion(num_habitacion, estado_actual, piso, id_tipo) values (143,'OCUPADA',2,2);
insert into Habitacion(num_habitacion, estado_actual, piso, id_tipo) values (144,'DISPONIBLE',2,2);
insert into Habitacion(num_habitacion, estado_actual, piso, id_tipo) values (145,'OCUPADA',2,2);
insert into Habitacion(num_habitacion, estado_actual, piso, id_tipo) values (146,'DISPONIBLE',2,2);
insert into Habitacion(num_habitacion, estado_actual, piso, id_tipo) values (147,'OCUPADA',2,2);
insert into Habitacion(num_habitacion, estado_actual, piso, id_tipo) values (148,'DISPONIBLE',2,2);
insert into Habitacion(num_habitacion, estado_actual, piso, id_tipo) values (149,'OCUPADA',2,2);   
insert into Habitacion(num_habitacion, estado_actual, piso, id_tipo) values (150,'DISPONIBLE',2,1);
insert into Habitacion(num_habitacion, estado_actual, piso, id_tipo) values (151,'OCUPADA',2,1);
insert into Habitacion(num_habitacion, estado_actual, piso, id_tipo) values (152,'DISPONIBLE',2,1);
insert into Habitacion(num_habitacion, estado_actual, piso, id_tipo) values (153,'OCUPADA',2,1);
insert into Habitacion(num_habitacion, estado_actual, piso, id_tipo) values (154,'DISPONIBLE',2,1);
insert into Habitacion(num_habitacion, estado_actual, piso, id_tipo) values (155,'OCUPADA',2,1);
insert into Habitacion(num_habitacion, estado_actual, piso, id_tipo) values (156,'DISPONIBLE',2,1);
insert into Habitacion(num_habitacion, estado_actual, piso, id_tipo) values (157,'OCUPADA',2,1);
insert into Habitacion(num_habitacion, estado_actual, piso, id_tipo) values (158,'DISPONIBLE',2,1);
insert into Habitacion(num_habitacion, estado_actual, piso, id_tipo) values (159,'OCUPADA',2,1);

insert into Habitacion(num_habitacion, estado_actual, piso, id_tipo) values (160,'DISPONIBLE',3,2);
insert into Habitacion(num_habitacion, estado_actual, piso, id_tipo) values (161,'OCUPADA',3,2);
insert into Habitacion(num_habitacion, estado_actual, piso, id_tipo) values (162,'DISPONIBLE',3,2);
insert into Habitacion(num_habitacion, estado_actual, piso, id_tipo) values (163,'OCUPADA',3,2);
insert into Habitacion(num_habitacion, estado_actual, piso, id_tipo) values (164,'DISPONIBLE',3,2);
insert into Habitacion(num_habitacion, estado_actual, piso, id_tipo) values (165,'OCUPADA',3,2);
insert into Habitacion(num_habitacion, estado_actual, piso, id_tipo) values (166,'DISPONIBLE',3,2);
insert into Habitacion(num_habitacion, estado_actual, piso, id_tipo) values (167,'OCUPADA',3,2);
insert into Habitacion(num_habitacion, estado_actual, piso, id_tipo) values (168,'DISPONIBLE',3,2);
insert into Habitacion(num_habitacion, estado_actual, piso, id_tipo) values (169,'OCUPADA',3,2);
insert into Habitacion(num_habitacion, estado_actual, piso, id_tipo) values (170,'DISPONIBLE',3,2);
insert into Habitacion(num_habitacion, estado_actual, piso, id_tipo) values (171,'OCUPADA',3,2);
insert into Habitacion(num_habitacion, estado_actual, piso, id_tipo) values (172,'DISPONIBLE',3,2);
insert into Habitacion(num_habitacion, estado_actual, piso, id_tipo) values (173,'OCUPADA',3,2);
insert into Habitacion(num_habitacion, estado_actual, piso, id_tipo) values (174,'DISPONIBLE',3,2);
insert into Habitacion(num_habitacion, estado_actual, piso, id_tipo) values (175,'DISPONIBLE',3,1);
insert into Habitacion(num_habitacion, estado_actual, piso, id_tipo) values (176,'OCUPADA',3,1);
insert into Habitacion(num_habitacion, estado_actual, piso, id_tipo) values (177,'DISPONIBLE',3,1);
insert into Habitacion(num_habitacion, estado_actual, piso, id_tipo) values (178,'OCUPADA',3,1);
insert into Habitacion(num_habitacion, estado_actual, piso, id_tipo) values (179,'DISPONIBLE',3,1);
insert into Habitacion(num_habitacion, estado_actual, piso, id_tipo) values (180,'OCUPADA',3,1);
insert into Habitacion(num_habitacion, estado_actual, piso, id_tipo) values (181,'DISPONIBLE',3,1);
insert into Habitacion(num_habitacion, estado_actual, piso, id_tipo) values (182,'OCUPADA',3,1);
insert into Habitacion(num_habitacion, estado_actual, piso, id_tipo) values (183,'DISPONIBLE',3,1);
insert into Habitacion(num_habitacion, estado_actual, piso, id_tipo) values (184,'OCUPADA',3,1);
insert into Habitacion(num_habitacion, estado_actual, piso, id_tipo) values (185,'DISPONIBLE',3,1);
insert into Habitacion(num_habitacion, estado_actual, piso, id_tipo) values (186,'OCUPADA',3,1);
insert into Habitacion(num_habitacion, estado_actual, piso, id_tipo) values (187,'DISPONIBLE',3,1);
insert into Habitacion(num_habitacion, estado_actual, piso, id_tipo) values (188,'OCUPADA',3,1);
insert into Habitacion(num_habitacion, estado_actual, piso, id_tipo) values (189,'DISPONIBLE',3,1);

insert into Habitacion(num_habitacion, estado_actual, piso, id_tipo) values (190,'DISPONIBLE',4,2);
insert into Habitacion(num_habitacion, estado_actual, piso, id_tipo) values (191,'OCUPADA',4,2);
insert into Habitacion(num_habitacion, estado_actual, piso, id_tipo) values (192,'DISPONIBLE',4,2);
insert into Habitacion(num_habitacion, estado_actual, piso, id_tipo) values (193,'OCUPADA',4,2);
insert into Habitacion(num_habitacion, estado_actual, piso, id_tipo) values (194,'DISPONIBLE',4,2);
insert into Habitacion(num_habitacion, estado_actual, piso, id_tipo) values (195,'OCUPADA',4,2);
insert into Habitacion(num_habitacion, estado_actual, piso, id_tipo) values (196,'DISPONIBLE',4,2);
insert into Habitacion(num_habitacion, estado_actual, piso, id_tipo) values (197,'OCUPADA',4,2);
insert into Habitacion(num_habitacion, estado_actual, piso, id_tipo) values (198,'DISPONIBLE',4,2);
insert into Habitacion(num_habitacion, estado_actual, piso, id_tipo) values (199,'OCUPADA',4,2);
insert into Habitacion(num_habitacion, estado_actual, piso, id_tipo) values (200,'DISPONIBLE',4,2);
insert into Habitacion(num_habitacion, estado_actual, piso, id_tipo) values (201,'OCUPADA',4,2);
insert into Habitacion(num_habitacion, estado_actual, piso, id_tipo) values (202,'DISPONIBLE',4,2);
insert into Habitacion(num_habitacion, estado_actual, piso, id_tipo) values (203,'OCUPADA',4,2);
insert into Habitacion(num_habitacion, estado_actual, piso, id_tipo) values (204,'DISPONIBLE',4,2);
insert into Habitacion(num_habitacion, estado_actual, piso, id_tipo) values (205,'DISPONIBLE',4,1);
insert into Habitacion(num_habitacion, estado_actual, piso, id_tipo) values (206,'OCUPADA',4,1);
insert into Habitacion(num_habitacion, estado_actual, piso, id_tipo) values (207,'DISPONIBLE',4,1);
insert into Habitacion(num_habitacion, estado_actual, piso, id_tipo) values (208,'OCUPADA',4,1);
insert into Habitacion(num_habitacion, estado_actual, piso, id_tipo) values (209,'DISPONIBLE',4,1);
insert into Habitacion(num_habitacion, estado_actual, piso, id_tipo) values (210,'OCUPADA',4,1);
insert into Habitacion(num_habitacion, estado_actual, piso, id_tipo) values (211,'DISPONIBLE',4,1);
insert into Habitacion(num_habitacion, estado_actual, piso, id_tipo) values (212,'OCUPADA',4,1);
insert into Habitacion(num_habitacion, estado_actual, piso, id_tipo) values (213,'DISPONIBLE',4,1);
insert into Habitacion(num_habitacion, estado_actual, piso, id_tipo) values (214,'OCUPADA',4,1);
insert into Habitacion(num_habitacion, estado_actual, piso, id_tipo) values (215,'DISPONIBLE',4,3);
insert into Habitacion(num_habitacion, estado_actual, piso, id_tipo) values (216,'OCUPADA',4,3);

insert into Habitacion(num_habitacion, estado_actual, piso, id_tipo) values (217,'DISPONIBLE',5,3);
insert into Habitacion(num_habitacion, estado_actual, piso, id_tipo) values (218,'OCUPADA',5,3);
insert into Habitacion(num_habitacion, estado_actual, piso, id_tipo) values (219,'DISPONIBLE',5,3);
insert into Habitacion(num_habitacion, estado_actual, piso, id_tipo) values (220,'OCUPADA',5,3);
insert into Habitacion(num_habitacion, estado_actual, piso, id_tipo) values (221,'DISPONIBLE',5,3);
insert into Habitacion(num_habitacion, estado_actual, piso, id_tipo) values (222,'OCUPADA',5,3);
insert into Habitacion(num_habitacion, estado_actual, piso, id_tipo) values (223,'DISPONIBLE',5,3);
insert into Habitacion(num_habitacion, estado_actual, piso, id_tipo) values (224,'OCUPADA',5,3);
insert into Habitacion(num_habitacion, estado_actual, piso, id_tipo) values (225,'DISPONIBLE',5,3);
insert into Habitacion(num_habitacion, estado_actual, piso, id_tipo) values (226,'OCUPADA',5,3);
insert into Habitacion(num_habitacion, estado_actual, piso, id_tipo) values (227,'DISPONIBLE',5,3);
insert into Habitacion(num_habitacion, estado_actual, piso, id_tipo) values (228,'OCUPADA',5,3);
insert into Habitacion(num_habitacion, estado_actual, piso, id_tipo) values (229,'DISPONIBLE',5,2);
insert into Habitacion(num_habitacion, estado_actual, piso, id_tipo) values (230,'OCUPADA',5,2);
insert into Habitacion(num_habitacion, estado_actual, piso, id_tipo) values (231,'DISPONIBLE',5,2);
insert into Habitacion(num_habitacion, estado_actual, piso, id_tipo) values (232,'OCUPADA',5,2);
insert into Habitacion(num_habitacion, estado_actual, piso, id_tipo) values (233,'DISPONIBLE',5,2);
insert into Habitacion(num_habitacion, estado_actual, piso, id_tipo) values (234,'OCUPADA',5,2);
insert into Habitacion(num_habitacion, estado_actual, piso, id_tipo) values (235,'DISPONIBLE',5,2);
insert into Habitacion(num_habitacion, estado_actual, piso, id_tipo) values (236,'OCUPADA',5,2);
insert into Habitacion(num_habitacion, estado_actual, piso, id_tipo) values (237,'DISPONIBLE',5,2);
insert into Habitacion(num_habitacion, estado_actual, piso, id_tipo) values (238,'OCUPADA',5,2);
insert into Habitacion(num_habitacion, estado_actual, piso, id_tipo) values (239,'DISPONIBLE',5,1);
insert into Habitacion(num_habitacion, estado_actual, piso, id_tipo) values (240,'OCUPADA',5,1);
insert into Habitacion(num_habitacion, estado_actual, piso, id_tipo) values (241,'DISPONIBLE',5,1);
insert into Habitacion(num_habitacion, estado_actual, piso, id_tipo) values (242,'OCUPADA',5,1);
insert into Habitacion(num_habitacion, estado_actual, piso, id_tipo) values (243,'DISPONIBLE',5,1);
insert into Habitacion(num_habitacion, estado_actual, piso, id_tipo) values (244,'OCUPADA',5,1);
insert into Habitacion(num_habitacion, estado_actual, piso, id_tipo) values (245,'DISPONIBLE',5,1);
insert into Habitacion(num_habitacion, estado_actual, piso, id_tipo) values (246,'OCUPADA',5,1);
insert into Habitacion(num_habitacion, estado_actual, piso, id_tipo) values (247,'DISPONIBLE',5,1);
insert into Habitacion(num_habitacion, estado_actual, piso, id_tipo) values (248,'OCUPADA',5,1);

insert into Habitacion(num_habitacion, estado_actual, piso, id_tipo) values (249,'DISPONIBLE',6,4);



-- ==== reservacion =====

insert into reservacion (fecha_inicio, fecha_fin, monto_inicial, carnet, id_huesped, id_tipo) values ('2026-06-10','2026-06-12',20.00,'E001',1,1);
insert into reservacion (fecha_inicio, fecha_fin, monto_inicial, carnet, id_huesped, id_tipo) values ('2026-06-11','2026-06-13',30.00,'E002',2,2);
insert into reservacion (fecha_inicio, fecha_fin, monto_inicial, carnet, id_huesped, id_tipo) values ('2026-06-12','2026-06-15',80.00,'E003',3,3);
insert into reservacion (fecha_inicio, fecha_fin, monto_inicial, carnet, id_huesped, id_tipo) values ('2026-06-13','2026-06-18',200.00,'E004',4,4);
insert into reservacion (fecha_inicio, fecha_fin, monto_inicial, carnet, id_huesped, id_tipo) values ('2026-06-14','2026-06-16',25.00,'E005',5,1);
insert into reservacion (fecha_inicio, fecha_fin, monto_inicial, carnet, id_huesped, id_tipo) values ('2026-06-15','2026-06-17',35.00,'E006',6,2);
insert into reservacion (fecha_inicio, fecha_fin, monto_inicial, carnet, id_huesped, id_tipo) values ('2026-06-16','2026-06-20',90.00,'E007',7,3);
insert into reservacion (fecha_inicio, fecha_fin, monto_inicial, carnet, id_huesped, id_tipo) values ('2026-06-17','2026-06-22',210.00,'E008',8,4);
insert into reservacion (fecha_inicio, fecha_fin, monto_inicial, carnet, id_huesped, id_tipo) values ('2026-06-18','2026-06-20',20.00,'E009',9,1);
insert into reservacion (fecha_inicio, fecha_fin, monto_inicial, carnet, id_huesped, id_tipo) values ('2026-06-19','2026-06-21',40.00,'E010',10,2);
insert into reservacion (fecha_inicio, fecha_fin, monto_inicial, carnet, id_huesped, id_tipo) values ('2026-06-20','2026-06-23',85.00,'E011',11,3);
insert into reservacion (fecha_inicio, fecha_fin, monto_inicial, carnet, id_huesped, id_tipo) values ('2026-06-21','2026-06-26',220.00,'E012',12,4);
insert into reservacion (fecha_inicio, fecha_fin, monto_inicial, carnet, id_huesped, id_tipo) values ('2026-06-22','2026-06-24',25.00,'E013',13,1);
insert into reservacion (fecha_inicio, fecha_fin, monto_inicial, carnet, id_huesped, id_tipo) values ('2026-06-23','2026-06-25',35.00,'E014',14,2);
insert into reservacion (fecha_inicio, fecha_fin, monto_inicial, carnet, id_huesped, id_tipo) values ('2026-06-24','2026-06-27',95.00,'E015',15,3);
insert into reservacion (fecha_inicio, fecha_fin, monto_inicial, carnet, id_huesped, id_tipo) values ('2026-06-25','2026-06-30',200.00,'E016',16,4);
insert into reservacion (fecha_inicio, fecha_fin, monto_inicial, carnet, id_huesped, id_tipo) values ('2026-06-26','2026-06-28',20.00,'E017',17,1);
insert into reservacion (fecha_inicio, fecha_fin, monto_inicial, carnet, id_huesped, id_tipo) values ('2026-06-27','2026-06-29',30.00,'E018',18,2);
insert into reservacion (fecha_inicio, fecha_fin, monto_inicial, carnet, id_huesped, id_tipo) values ('2026-06-28','2026-07-01',88.00,'E019',19,3);
insert into reservacion (fecha_inicio, fecha_fin, monto_inicial, carnet, id_huesped, id_tipo) values ('2026-06-29','2026-07-03',230.00,'E020',20,4);
insert into reservacion (fecha_inicio, fecha_fin, monto_inicial, carnet, id_huesped, id_tipo) values ('2026-07-01','2026-07-03',22.00,'E021',21,1);
insert into reservacion (fecha_inicio, fecha_fin, monto_inicial, carnet, id_huesped, id_tipo) values ('2026-07-02','2026-07-05',38.00,'E022',22,2);
insert into reservacion (fecha_inicio, fecha_fin, monto_inicial, carnet, id_huesped, id_tipo) values ('2026-07-03','2026-07-07',92.00,'E023',23,3);
insert into reservacion (fecha_inicio, fecha_fin, monto_inicial, carnet, id_huesped, id_tipo) values ('2026-07-04','2026-07-08',210.00,'E024',24,4);
insert into reservacion (fecha_inicio, fecha_fin, monto_inicial, carnet, id_huesped, id_tipo) values ('2026-07-05','2026-07-07',25.00,'E025',25,1);
insert into reservacion (fecha_inicio, fecha_fin, monto_inicial, carnet, id_huesped, id_tipo) values ('2026-07-06','2026-07-09',36.00,'E026',26,2);
insert into reservacion (fecha_inicio, fecha_fin, monto_inicial, carnet, id_huesped, id_tipo) values ('2026-07-07','2026-07-11',94.00,'E027',27,3);
insert into reservacion (fecha_inicio, fecha_fin, monto_inicial, carnet, id_huesped, id_tipo) values ('2026-07-08','2026-07-12',240.00,'E028',28,4);
insert into reservacion (fecha_inicio, fecha_fin, monto_inicial, carnet, id_huesped, id_tipo) values ('2026-07-09','2026-07-11',20.00,'E029',29,1);
insert into reservacion (fecha_inicio, fecha_fin, monto_inicial, carnet, id_huesped, id_tipo) values ('2026-07-10','2026-07-13',32.00,'E030',30,2);


-- ESTANCIA 

insert into estancia (fecha_checkin, hora_llegada, id_habitacion, id_reservacion) values ('2026-06-10','14:00:00',4,1);
insert into estancia (fecha_checkin, hora_llegada, id_habitacion, id_reservacion) values ('2026-06-11','13:30:00',6,2);
insert into estancia (fecha_checkin, hora_llegada, id_habitacion, id_reservacion) values ('2026-06-12','15:00:00',7,3);
insert into estancia (fecha_checkin, hora_llegada, id_habitacion, id_reservacion) values ('2026-06-13','12:45:00',8,4);
insert into estancia (fecha_checkin, hora_llegada, id_habitacion, id_reservacion) values ('2026-06-14','14:10:00',12,5);
insert into estancia (fecha_checkin, hora_llegada, id_habitacion, id_reservacion) values ('2026-06-15','13:00:00',13,6);
insert into estancia (fecha_checkin, hora_llegada, id_habitacion, id_reservacion) values ('2026-06-16','16:20:00',14,7);
insert into estancia (fecha_checkin, hora_llegada, id_habitacion, id_reservacion) values ('2026-06-17','11:50:00',15,8);
insert into estancia (fecha_checkin, hora_llegada, id_habitacion, id_reservacion) values ('2026-06-18','14:05:00',16,9);
insert into estancia (fecha_checkin, hora_llegada, id_habitacion, id_reservacion) values ('2026-06-19','15:10:00',17,10);
insert into estancia (fecha_checkin, hora_llegada, id_habitacion, id_reservacion) values ('2026-06-20','14:00:00',18,11);
insert into estancia (fecha_checkin, hora_llegada, id_habitacion, id_reservacion) values ('2026-06-21','12:30:00',19,12);
insert into estancia (fecha_checkin, hora_llegada, id_habitacion, id_reservacion) values ('2026-06-22','13:15:00',20,13);
insert into estancia (fecha_checkin, hora_llegada, id_habitacion, id_reservacion) values ('2026-06-23','14:40:00',21,14);
insert into estancia (fecha_checkin, hora_llegada, id_habitacion, id_reservacion) values ('2026-06-24','16:00:00',22,15);
insert into estancia (fecha_checkin, hora_llegada, id_habitacion, id_reservacion) values ('2026-06-25','12:10:00',23,16);
insert into estancia (fecha_checkin, hora_llegada, id_habitacion, id_reservacion) values ('2026-06-26','13:45:00',24,17);
insert into estancia (fecha_checkin, hora_llegada, id_habitacion, id_reservacion) values ('2026-06-27','14:25:00',25,18);
insert into estancia (fecha_checkin, hora_llegada, id_habitacion, id_reservacion) values ('2026-06-28','15:35:00',26,19);
insert into estancia (fecha_checkin, hora_llegada, id_habitacion, id_reservacion) values ('2026-06-29','13:55:00',27,20);
insert into estancia (fecha_checkin, hora_llegada, id_habitacion, id_reservacion) values ('2026-07-01','14:10:00',28,21);
insert into estancia (fecha_checkin, hora_llegada, id_habitacion, id_reservacion) values ('2026-07-02','12:20:00',29,22);
insert into estancia (fecha_checkin, hora_llegada, id_habitacion, id_reservacion) values ('2026-07-03','13:30:00',30,23);
insert into estancia (fecha_checkin, hora_llegada, id_habitacion, id_reservacion) values ('2026-07-04','14:45:00',31,24);
insert into estancia (fecha_checkin, hora_llegada, id_habitacion, id_reservacion) values ('2026-07-05','15:00:00',32,25);
insert into estancia (fecha_checkin, hora_llegada, id_habitacion, id_reservacion) values ('2026-07-06','13:10:00',33,26);
insert into estancia (fecha_checkin, hora_llegada, id_habitacion, id_reservacion) values ('2026-07-07','14:30:00',34,27);
insert into estancia (fecha_checkin, hora_llegada, id_habitacion, id_reservacion) values ('2026-07-08','16:15:00',35,28);
insert into estancia (fecha_checkin, hora_llegada, id_habitacion, id_reservacion) values ('2026-07-09','12:40:00',36,29);
insert into estancia (fecha_checkin, hora_llegada, id_habitacion, id_reservacion) values ('2026-07-10','14:20:00',37,30);


-- CONSUMO_SERVICIO

insert into consumo_servicio (fecha_consumo, cantidad, precio_unitario, id_servicio, id_estancia) values ('2026-06-10',2,12.50,1,3);
insert into consumo_servicio (fecha_consumo, cantidad, precio_unitario, id_servicio, id_estancia) values ('2026-06-10',1,25.00,3,3);
insert into consumo_servicio (fecha_consumo, cantidad, precio_unitario, id_servicio, id_estancia) values ('2026-06-11',1,30.00,2,4);
insert into consumo_servicio (fecha_consumo, cantidad, precio_unitario, id_servicio, id_estancia) values ('2026-06-11',3,10.00,1,4);
insert into consumo_servicio (fecha_consumo, cantidad, precio_unitario, id_servicio, id_estancia) values ('2026-06-12',2,15.00,3,5);
insert into consumo_servicio (fecha_consumo, cantidad, precio_unitario, id_servicio, id_estancia) values ('2026-06-12',1,20.00,2,5);
insert into consumo_servicio (fecha_consumo, cantidad, precio_unitario, id_servicio, id_estancia) values ('2026-06-13',1,40.00,2,6);
insert into consumo_servicio (fecha_consumo, cantidad, precio_unitario, id_servicio, id_estancia) values ('2026-06-13',2,12.00,1,6);
insert into consumo_servicio (fecha_consumo, cantidad, precio_unitario, id_servicio, id_estancia) values ('2026-06-14',1,18.00,4,7);
insert into consumo_servicio (fecha_consumo, cantidad, precio_unitario, id_servicio, id_estancia) values ('2026-06-14',2,9.50,1,7);
insert into consumo_servicio (fecha_consumo, cantidad, precio_unitario, id_servicio, id_estancia) values ('2026-06-15',3,11.00,1,8);
insert into consumo_servicio (fecha_consumo, cantidad, precio_unitario, id_servicio, id_estancia) values ('2026-06-15',1,35.00,2,8);
insert into consumo_servicio (fecha_consumo, cantidad, precio_unitario, id_servicio, id_estancia) values ('2026-06-16',2,14.00,3,9);
insert into consumo_servicio (fecha_consumo, cantidad, precio_unitario, id_servicio, id_estancia) values ('2026-06-16',1,22.00,4,9);
insert into consumo_servicio (fecha_consumo, cantidad, precio_unitario, id_servicio, id_estancia) values ('2026-06-17',1,50.00,2,10);
insert into consumo_servicio (fecha_consumo, cantidad, precio_unitario, id_servicio, id_estancia) values ('2026-06-17',2,13.00,1,10);
insert into consumo_servicio (fecha_consumo, cantidad, precio_unitario, id_servicio, id_estancia) values ('2026-06-18',1,17.00,4,11);
insert into consumo_servicio (fecha_consumo, cantidad, precio_unitario, id_servicio, id_estancia) values ('2026-06-18',3,10.50,1,11);
insert into consumo_servicio (fecha_consumo, cantidad, precio_unitario, id_servicio, id_estancia) values ('2026-06-19',2,28.00,2,12);
insert into consumo_servicio (fecha_consumo, cantidad, precio_unitario, id_servicio, id_estancia) values ('2026-06-19',1,19.00,3,12);


-- FACTURA 

insert into factura (id_estancia) values (3);
insert into factura (id_estancia) values (4);
insert into factura (id_estancia) values (5);
insert into factura (id_estancia) values (6);
insert into factura (id_estancia) values (7);
insert into factura (id_estancia) values (8);
insert into factura (id_estancia) values (9);
insert into factura (id_estancia) values (10);
insert into factura (id_estancia) values (11);
insert into factura (id_estancia) values (12);
insert into factura (id_estancia) values (13);
insert into factura (id_estancia) values (14);
insert into factura (id_estancia) values (15);
insert into factura (id_estancia) values (16);
insert into factura (id_estancia) values (17);
insert into factura (id_estancia) values (18);
insert into factura (id_estancia) values (19);
insert into factura (id_estancia) values (20);
insert into factura (id_estancia) values (21);
insert into factura (id_estancia) values (22);
insert into factura (id_estancia) values (23);
insert into factura (id_estancia) values (24);
insert into factura (id_estancia) values (25);
insert into factura (id_estancia) values (26);
insert into factura (id_estancia) values (27);
insert into factura (id_estancia) values (28);
insert into factura (id_estancia) values (29);
insert into factura (id_estancia) values (30);
insert into factura (id_estancia) values (31);
insert into factura (id_estancia) values (32);

-- DETALLE_FACTURA

insert into detalle_factura (cantidad, precio_unitario, id_factura, id_servicio) values (1, 5.00, 3, 1);
insert into detalle_factura (cantidad, precio_unitario, id_factura, id_servicio) values (2, 10.00, 4, 2);
insert into detalle_factura (cantidad, precio_unitario, id_factura, id_servicio) values (1, 8.00, 5, 3);
insert into detalle_factura (cantidad, precio_unitario, id_factura, id_servicio) values (1, 12.00, 6, 4);
insert into detalle_factura (cantidad, precio_unitario, id_factura, id_servicio) values (2, 5.00, 7, 1);
insert into detalle_factura (cantidad, precio_unitario, id_factura, id_servicio) values (1, 10.00, 8, 2);
insert into detalle_factura (cantidad, precio_unitario, id_factura, id_servicio) values (3, 5.00, 9, 1);
insert into detalle_factura (cantidad, precio_unitario, id_factura, id_servicio) values (1, 8.00, 10, 3);
insert into detalle_factura (cantidad, precio_unitario, id_factura, id_servicio) values (2, 10.00, 11, 2);
insert into detalle_factura (cantidad, precio_unitario, id_factura, id_servicio) values (1, 12.00, 12, 4);
insert into detalle_factura (cantidad, precio_unitario, id_factura, id_servicio) values (1, 5.00, 13, 1);
insert into detalle_factura (cantidad, precio_unitario, id_factura, id_servicio) values (2, 8.00, 14, 3);
insert into detalle_factura (cantidad, precio_unitario, id_factura, id_servicio) values (1, 10.00, 15, 2);
insert into detalle_factura (cantidad, precio_unitario, id_factura, id_servicio) values (3, 5.00, 16, 1);
insert into detalle_factura (cantidad, precio_unitario, id_factura, id_servicio) values (1, 12.00, 17, 4);
insert into detalle_factura (cantidad, precio_unitario, id_factura, id_servicio) values (2, 5.00, 18, 1);
insert into detalle_factura (cantidad, precio_unitario, id_factura, id_servicio) values (1, 8.00, 19, 3);
insert into detalle_factura (cantidad, precio_unitario, id_factura, id_servicio) values (2, 10.00, 20, 2);
insert into detalle_factura (cantidad, precio_unitario, id_factura, id_servicio) values (1, 12.00, 21, 4);
insert into detalle_factura (cantidad, precio_unitario, id_factura, id_servicio) values (3, 5.00, 22, 1);
insert into detalle_factura (cantidad, precio_unitario, id_factura, id_servicio) values (1, 8.00, 23, 3);
insert into detalle_factura (cantidad, precio_unitario, id_factura, id_servicio) values (2, 10.00, 24, 2);
insert into detalle_factura (cantidad, precio_unitario, id_factura, id_servicio) values (1, 12.00, 25, 4);
insert into detalle_factura (cantidad, precio_unitario, id_factura, id_servicio) values (3, 5.00, 26, 1);
insert into detalle_factura (cantidad, precio_unitario, id_factura, id_servicio) values (1, 8.00, 27, 3);
insert into detalle_factura (cantidad, precio_unitario, id_factura, id_servicio) values (2, 10.00, 28, 2);
insert into detalle_factura (cantidad, precio_unitario, id_factura, id_servicio) values (1, 12.00, 29, 4);
insert into detalle_factura (cantidad, precio_unitario, id_factura, id_servicio) values (3, 5.00, 30, 1);
insert into detalle_factura (cantidad, precio_unitario, id_factura, id_servicio) values (2, 10.00, 31, 2);
insert into detalle_factura (cantidad, precio_unitario, id_factura, id_servicio) values (1, 8.00, 32, 3);



